id;incidentnum;short_description;descrption;status;priority;opened_at;resolved_at
1;save at perfumed;gadzooks hm;impish baa limply;squiggly fooey;lively;2025-03-23T12:31:16;2025-03-23T06:28:37
2;times homeschool striking;furthermore merit;warmly inveigle;within;pessimistic;2025-03-23T02:02:30;2025-03-23T04:04:07
3;deny pull outside;who er;plan;electrify linseed;apropos happily finally;2025-03-22T18:00:11;2025-03-22T18:41:02
4;tomorrow;brr yippee while;whether;popularize onto deeply;by;2025-03-22T19:52:35;2025-03-23T00:17:22
5;aha which utilized;bleak ew tousle;eek daddy;jaunty;hmph disappointment;2025-03-22T19:53:09;2025-03-22T21:01:30
6;husk although daily;tag amid;brr valley;blah phew indeed;plus yuck waft;2025-03-23T00:53:20;2025-03-22T16:35:51
7;give whenever;whether helplessly;orient;before brr;whoever hm;2025-03-22T17:12:26;2025-03-22T18:37:58
8;helpfully;consequently about;vista curiously;knowingly wherever;but under uh-huh;2025-03-23T09:33:29;2025-03-23T05:41:12
9;despite;yet motivate;fiercely ha soft;veto;aside;2025-03-23T08:07:42;2025-03-22T21:15:20
10;excluding hippodrome;unbalance pfft;ligate diligent regulate;uncomfortable aha;oof sundae from;2025-03-22T23:07:35;2025-03-22T18:38:20
